{
  "metadata": {
    "timestamp": "2025-11-15T20:45:53.280237",
    "sizes": [
      50000,
      100000
    ],
    "iterations": 3
  },
  "benchmarks": {
    "50000_rows": {
      "pandas": {
        "load": {
          "mean": 0.035682457998821825,
          "median": 0.03538141599710798,
          "min": 0.035210750000260305,
          "max": 0.03645520799909718,
          "p95": 0.03645520799909718,
          "std_dev": 0.0006746396392254019
        },
        "filter": {
          "mean": 0.0037917363345817043,
          "median": 0.0031426670029759407,
          "min": 0.0028153749954071827,
          "max": 0.005417167005361989,
          "p95": 0.005417167005361989,
          "std_dev": 0.0014171445457995921
        },
        "aggregate": {
          "mean": 0.005180138997578372,
          "median": 0.0046683749969815835,
          "min": 0.004499167000176385,
          "max": 0.006372874995577149,
          "p95": 0.006372874995577149,
          "std_dev": 0.0010363986719584843
        },
        "sort": {
          "mean": 0.005733638667152263,
          "median": 0.005679415997292381,
          "min": 0.005409542005509138,
          "max": 0.006111957998655271,
          "p95": 0.006111957998655271,
          "std_dev": 0.0003543333604134916
        }
      },
      "polars": {
        "load": {
          "mean": 0.005692777997561886,
          "median": 0.0025864169947453775,
          "min": 0.0022739170017302968,
          "max": 0.012217999996209983,
          "p95": 0.012217999996209983,
          "std_dev": 0.005653167754466465
        },
        "filter": {
          "mean": 0.005143472333050643,
          "median": 0.0007363749973592348,
          "min": 0.0006733750051353127,
          "max": 0.014020666996657383,
          "p95": 0.014020666996657383,
          "std_dev": 0.007687940626164528
        },
        "aggregate": {
          "mean": 0.006945194669242483,
          "median": 0.0015040840007713996,
          "min": 0.0014008330035721883,
          "max": 0.01793066700338386,
          "p95": 0.01793066700338386,
          "std_dev": 0.009513838184205408
        },
        "sort": {
          "mean": 0.004318763669289183,
          "median": 0.00444262500241166,
          "min": 0.0034540410051704384,
          "max": 0.00505962500028545,
          "p95": 0.00505962500028545,
          "std_dev": 0.0008099266718194485
        }
      },
      "speedup": {
        "load": 6.27,
        "filter": 0.74,
        "aggregate": 0.75,
        "sort": 1.33
      }
    },
    "100000_rows": {
      "pandas": {
        "load": {
          "mean": 0.06966758366615977,
          "median": 0.0704588330045226,
          "min": 0.06623270899581257,
          "max": 0.07231120899814414,
          "p95": 0.07231120899814414,
          "std_dev": 0.0031155412380806206
        },
        "filter": {
          "mean": 0.005842013662913814,
          "median": 0.005725332994188648,
          "min": 0.005583499994827434,
          "max": 0.00621720799972536,
          "p95": 0.00621720799972536,
          "std_dev": 0.000332576671924748
        },
        "aggregate": {
          "mean": 0.009379319664731156,
          "median": 0.009361999997054227,
          "min": 0.009182041998428758,
          "max": 0.009593916998710483,
          "p95": 0.009593916998710483,
          "std_dev": 0.00020648300688094702
        },
        "sort": {
          "mean": 0.011213902333111037,
          "median": 0.011309333000099286,
          "min": 0.010367582995968405,
          "max": 0.011964791003265418,
          "p95": 0.011964791003265418,
          "std_dev": 0.0008028689891849045
        }
      },
      "polars": {
        "load": {
          "mean": 0.004389986330352258,
          "median": 0.0044101249950472265,
          "min": 0.0039985420007724315,
          "max": 0.004761291995237116,
          "p95": 0.004761291995237116,
          "std_dev": 0.00038177357540267404
        },
        "filter": {
          "mean": 0.0018909166659189698,
          "median": 0.0012760000026901253,
          "min": 0.0011568749978323467,
          "max": 0.0032398749972344376,
          "p95": 0.0032398749972344376,
          "std_dev": 0.001169749599877961
        },
        "aggregate": {
          "mean": 0.002050680333923083,
          "median": 0.0019443330020294525,
          "min": 0.0018976249994011596,
          "max": 0.0023100830003386363,
          "p95": 0.0023100830003386363,
          "std_dev": 0.00022585994971443114
        },
        "sort": {
          "mean": 0.0073681526676712865,
          "median": 0.007067874998028856,
          "min": 0.006939500002772547,
          "max": 0.008097083002212457,
          "p95": 0.008097083002212457,
          "std_dev": 0.0006345270753186907
        }
      },
      "speedup": {
        "load": 15.87,
        "filter": 3.09,
        "aggregate": 4.57,
        "sort": 1.52
      }
    }
  }
}
