{
  "metadata": {
    "timestamp": "2025-11-15T20:45:39.242930",
    "sizes": [
      1000,
      10000
    ],
    "iterations": 3
  },
  "benchmarks": {
    "1000_rows": {
      "pandas": {
        "load": {
          "mean": 0.0034424726666960246,
          "median": 0.002267541996843647,
          "min": 0.002146667000488378,
          "max": 0.005913209002756048,
          "p95": 0.005913209002756048,
          "std_dev": 0.002140573806933892
        },
        "filter": {
          "mean": 0.0007973056660072567,
          "median": 0.0002333329975954257,
          "min": 0.00019949999841628596,
          "max": 0.0019590840020100586,
          "p95": 0.0019590840020100586,
          "std_dev": 0.0010062717547772288
        },
        "aggregate": {
          "mean": 0.0008694999996805564,
          "median": 0.00033149999944726005,
          "min": 0.00029424999956972897,
          "max": 0.00198275000002468,
          "p95": 0.00198275000002468,
          "std_dev": 0.00096428266762001
        },
        "sort": {
          "mean": 0.0006393889998435043,
          "median": 0.0005254170027910732,
          "min": 0.0005102499999338761,
          "max": 0.0008824999968055636,
          "p95": 0.0008824999968055636,
          "std_dev": 0.00021067683101573452
        }
      },
      "polars": {
        "load": {
          "mean": 0.0036869306665418358,
          "median": 0.0003905830017174594,
          "min": 0.0003270839952165261,
          "max": 0.010343125002691522,
          "p95": 0.010343125002691522,
          "std_dev": 0.005764520822358093
        },
        "filter": {
          "mean": 0.004539291667848981,
          "median": 0.00017683300393400714,
          "min": 0.0001612089981790632,
          "max": 0.013279833001433872,
          "p95": 0.013279833001433872,
          "std_dev": 0.007569534868832326
        },
        "aggregate": {
          "mean": 0.005963222329834632,
          "median": 0.000933916999201756,
          "min": 0.000779415997385513,
          "max": 0.016176333992916625,
          "p95": 0.016176333992916625,
          "std_dev": 0.008845151497957886
        },
        "sort": {
          "mean": 0.0005965973347580681,
          "median": 0.000294542005576659,
          "min": 0.00024404199939453974,
          "max": 0.0012512079993030056,
          "p95": 0.0012512079993030056,
          "std_dev": 0.0005674715008333653
        }
      },
      "speedup": {
        "load": 0.93,
        "filter": 0.18,
        "aggregate": 0.15,
        "sort": 1.07
      }
    },
    "10000_rows": {
      "pandas": {
        "load": {
          "mean": 0.008545708333258517,
          "median": 0.0079846250009723,
          "min": 0.007894417001807597,
          "max": 0.009758082996995654,
          "p95": 0.009758082996995654,
          "std_dev": 0.0010509156078068907
        },
        "filter": {
          "mean": 0.0007239863334689289,
          "median": 0.0006881250010337681,
          "min": 0.0006722090038238093,
          "max": 0.0008116249955492094,
          "p95": 0.0008116249955492094,
          "std_dev": 7.631337405863435e-05
        },
        "aggregate": {
          "mean": 0.001095277999411337,
          "median": 0.001048958998580929,
          "min": 0.0010293750019627623,
          "max": 0.00120749999769032,
          "p95": 0.00120749999769032,
          "std_dev": 9.767914774495695e-05
        },
        "sort": {
          "mean": 0.0015549166685862776,
          "median": 0.0015359579992946237,
          "min": 0.0014997920006862842,
          "max": 0.0016290000057779253,
          "p95": 0.0016290000057779253,
          "std_dev": 6.665771148879261e-05
        }
      },
      "polars": {
        "load": {
          "mean": 0.0009461946659333383,
          "median": 0.0009092089967452921,
          "min": 0.0008769999985815957,
          "max": 0.001052375002473127,
          "p95": 0.001052375002473127,
          "std_dev": 9.335444708986474e-05
        },
        "filter": {
          "mean": 0.00035436099763804424,
          "median": 0.0003664169998955913,
          "min": 0.0003150829943479039,
          "max": 0.0003815829986706376,
          "p95": 0.0003815829986706376,
          "std_dev": 3.485072505065548e-05
        },
        "aggregate": {
          "mean": 0.0012943330002599396,
          "median": 0.00115804099914385,
          "min": 0.0010863749994314276,
          "max": 0.0016385830022045411,
          "p95": 0.0016385830022045411,
          "std_dev": 0.0003002749602578258
        },
        "sort": {
          "mean": 0.0009939583324012347,
          "median": 0.0009458329950575717,
          "min": 0.000930374997551553,
          "max": 0.0011056670045945793,
          "p95": 0.0011056670045945793,
          "std_dev": 9.705080115137702e-05
        }
      },
      "speedup": {
        "load": 9.03,
        "filter": 2.04,
        "aggregate": 0.85,
        "sort": 1.56
      }
    }
  }
}
